0	0.11281	group control age individuals years resonance magnetic level methods normal lower male included scanner higher frontal high post scores gender measures studied scanning pattern scans objective spm corrected cerebral score education female adults multiple impaired aim participated evaluate population recruited obtained divided patterns status prior function tests main total scanned evaluated selected aged presence trend testing reported addition pre hoc handed caudate affect image random subject deficit widespread method patient measure females showing iq significance anova adult received tesla impact identify cancer variables problems order wise males repeated time chemotherapy history affects number suggested impairments terms parametric sex tested sd 
1	0.12507	gyrus frontal middle inferior temporal superior gyri ifg fusiform resonance occipital angular magnetic parahippocampal precuneus supramarginal precentral insula suggest medial lingual postcentral mfg correlates cerebellum level higher stg addition interaction cuneus thalamus lobe mtg included putamen pole underlying contrast smg bilaterally caudate association previous substrates anterior paradigm sfg orbital main specifically unknown pre explore increases recruited number unclear possibly suggested hippocampus lobule detected suggesting handed baseline ag participated explored sulcus calcarine aim roi itg shown obtained reveal larger largely scanner images operculum rolandic reflect lead located fg cingulum thirteen share subsequently lateralized notion reflected early phg mog detection lmfg resulted 
2	0.09802	model approach method models time methods level single noise independent subject parameters magnetic linear spatial number proposed measures temporal techniques conventional multiple large resonance framework technique paper robust detection glm neuronal estimation estimates propose tool hemodynamic detect optimal series real multi work mapping sources selection simulated set human wise standard test dataset power variance estimated estimate maps structure datasets reliable sparse artifacts joint values improve voxel problem combination map likelihood quality evaluate random evaluated utility physiological tested nonlinear step fit improved procedure order validity ratio parameter quantitative size resulting inference detected provided simultaneously methodological introduce identification applications methodology populations introduced 
3	0.11584	individual variability level relationship predicted higher response function measures rate linear individuals levels time predict subject inter relationships variation increasing magnitude measure population sensitivity resonance variations strength suggest large positive identified patterns variable stable provide test association reflected strong cross relation sample suggesting predictive increases varied tested larger highly number variance threshold robust set modulated work predicts index scores future varying parametric scale significance indicating shown associations adults interindividual research susceptibility link identify objective strongly linearly baseline vary reflecting amplitude combination sensitive peak scan lower variables modulation reflects reflect participant structure reliably highest series strongest linked subjective stability similarity length 
4	0.03995	term long repetition short adaptation repeated priming suppression range magnetic vstm mechanisms subsequent rs repetitions time stimulus neuronal presented reductions memory resonance paradigm prior delay run habituation period ca initial lag runs linked increases multiple presentation suppressed longer presentations posterior immediately reduction led occurred facilitation importantly primed identical selective repeatedly form early lasting typically repeating leads mapping cem intervals initially unknown spaced interval delays restricted reflect continued delayed storage populations refers shown magnitude robust resulted ideal translation optimize seconds maintained successive induce distance segments phenomenon supports pattern transfer limit retention times sustained minutes item standing remained evident prolonged massed induces 
5	0.03029	depression mdd disorder depressive depressed major bd bipolar symptoms amygdala group mood sad methods severity anxiety control limbic risk state symptom abnormalities medication abnormal limitations illness bp resonance history affective episode negative emotional sample characterized rumination psychiatric naive antidepressant hcs scores unmedicated remitted neurobiological subgenual insula scale sgacc regulation individuals treatment pathophysiology age euthymic emotion episodes gender mania trait rmdd referential magnetic manic resting rating method vulnerability represent hyperactivity suicide small suicidal unipolar maltreatment hamilton patient hippocampal onset orbitofrontal marker insular youth implicated prefrontal free fronto size positive impaired comorbid samples pediatric future anhedonia early structures bdd underlying inventory antidepressants 
6	0.01634	eye gaze saccade movements target saccades eyes direction fixation pursuit movement tracking antisaccade control visual oculomotor saccadic guided fef position head directional motor frontal smooth averted visually moving ocular reflexive blink supplementary spem open exploration sc peripheral volitional velocity targets contact execution shifts antisaccades blinking retinal voluntary sef step straight pro humans colliculus darkness fixations prosaccade okn nystagmus motion location directionally locations triggered generation pattern prosaccades parieto point blinks anti optokinetic extraretinal latency gain predictive mt attentive intraparietal stimulation directions track require natural predominantly vestibular character stationary cues preparation visible initiation fixating objects paced closure sp predictable transformation latencies included 
7	0.02492	ms source meg temporal sources time resolution recorded early localization high spatial humor recordings negativity onset scalp magnetoencephalography gamma simultaneous amplitude latency dipole generators response amplitudes localized nirs fnirs peak hemodynamic spatiotemporal late electromagnetic head stages channel invasive phase recording locations electrodes identified bci spatio infrared timing modalities humour sequence electroencephalogram intracranial incongruity estimated spectroscopy frequency generated human latencies methods provide window simultaneously sites hb loreta separate induced earliest initial beamformer jokes funny generation located closure positivity electroencephalographic hz shown detection surface trial lpp multimodal sloreta rois slow prior inverse wave precise location peaking index artifact sessions electrical peaked topography 
8	0.0112	sleep body bodies deprivation eba vwm rem wakefulness night osa human lotc parts awake consolidation extrastriate stage spindles normal nrem loss deprived eye morning vigilance evening tsd consciousness wake fba waking circadian sedation transient thalamus msna image thalamic rapid cpap increases movement reduction slow cerebral rw rested phasic lack restriction anesthetic spindle tonic quality microsleeps insomnia total distorted schema persons tracking propofol anesthesia awakening simultaneous conscious sws pha apnea waves pressure immediately recovery daytime home state young wave awareness rems obstructive car homeostatic muscle mst sleepiness regulation msl kc hours posture vulnerable responsiveness brainstem min visuomotor dreaming unresponsive homeostasis lapses 
9	0.02367	imagery mental events future imagined rotation past gait imagination internal external imagining imagine walking construction simulation locomotion personal thinking real generated transformation posterior parietal visual physical common counterfactual simulations experiences mentally locomotor world experience generation engaged scanning visuospatial vividness scenarios thoughts images modes experiencing simulating image simulate script projection presented transformations instructed recruited rely ep thought mode required manner rotations stance generate internally guided strategy generating scenario centers kinesthetic capacity simulated mind supraspinal factual viewpoint modulated involving big imagers relies rehearsal moving prospection angle perspectives recruits episodes years virtual trance steering running angles constructive situations preferentially reality mesencephalic vivid adopting 
10	0.03275	schizophrenia symptoms risk abnormalities disorder group psychosis sz psychotic hallucinations relatives abnormal impaired schizophrenic siblings episode genetic individuals unaffected methods illness negative task high impairments control positive symptom severity ds patient frontal insight familial psychiatric deficit verbal magnetic reported medication avh fep syndrome antipsychotic function uhr scz nss arms people pathophysiology medicated functioning suggest hypoactivation thought reduction vulnerability age chronic delusions core cerebral volunteers bipolar pathology characterized resonance abnormality probands normal provide scale hyper poor hr exhibit represent fronto dysconnectivity phenotype disturbed early key sample linked intermediate chr fes naive development failure treatment endophenotype hyperactivation persons hyperactivity expression panss avhs 
11	0.12634	task cognitive performance control executive function functions test cognition magnetic higher level resonance performing impaired functioning recruitment group accuracy verbal correlates effort poor tests neuropsychological improved network pattern speed relationship reflect measures relevant shown lower poorer compensatory levels visuospatial characterized demanding evaluated good multiple worse perform demands requiring performers improve stroop fluency rates impairments individual neurocognitive version performances difficulty addition provide resources scanning order unclear single strategies interference suggesting capacity limited neuronal battery widely regional tested simultaneous recruit intelligence effortful slower thirty counting frontoparietal paradigm impact goal explore paradigms skills supporting lead young maintain generally represent cingulo standard free scanner 
12	0.03394	language comprehension sentences sentence syntactic linguistic frontal semantic inferior pars broca bilinguals temporal languages gyrus word literal ifg narrative english meaning hemisphere reading structure opercularis discourse network spoken production context story metaphors wernicke subject syntax level triangularis read german verb bilingual speech grammatical native presented stories violations listening metaphor structures proficiency order monolinguals text picture integration pragmatic speaker knowledge initial argument lifg natural listened meanings recruited short hemispheric early interpretation irony metaphoric speakers grammar types figurative core auditory conventional unification object dependencies embedded substrates engaged lexical speaking syntactically ambiguous involvement frontotemporal french processed supporting correlates spanish addition metaphorical endings phrase 
13	0.0273	action actions smokers smoking observation goal nicotine video goals observing intentions intention clips movie aon simulation body videos premotor cigarette actor cues movies execution watching watched person intentional act dance intended view observers actors observer viewing ball nonsmokers real performing movements cessation motor tobacco grasping people viewed prospective experience agent short abstinence kinematics properties patch unusual human control joint dancers predict isc shared implementation prediction understand triggered scanned vitality pmns smoke cravings steps intentionally engaged pm film habitual coding begin clip acting preferentially predicting strongly sequences freely outcomes embodied naturalistic modulates outcome ongoing putative mirror scanning agents plans executed planning 
14	0.02729	conflict interference control incongruent congruent task stroop trials resolution monitoring acc cognitive competition congruency color relevant selection word flanker simon irrelevant attentional proactive incompatible conflicts conflicting mechanisms adjustments congruence resolve high adaptation pre stimulus situations detection trial reactive level demands types neutral incongruence interfering resolving require paradigm version modulated pmfc manipulated incongruency reaction substrates compatibility representations facilitation costs resources mc compete modified larger mfc msit source models slower incompatibility resolved multi distracting detecting associations suppression sources monitor smaller dlpfc garner scwt font ignoring arrow lack tendency token match manual integrated requires rdacc hypnotizable ink incongruity hybrid biasing susceptible interfere implementing 
15	0.01571	mirror observation imitation action gestures actions tool hand neuron motor gesture execution tools mns premotor actor communicative planning movements communication ventral presented meaningless meaningful level intransitive videos posterior hands neurons clips tower pantomime iconic london imitative observing movement postures mirroring types observer mimicry pointing video body interaction viewing pantomimes mp apraxia executed tol imitate imitated inferior human familiar simulation performing model strongly representations imitating transitive means ipl sensorimotor matching viewed spc ig apraxic pantomiming limb pars gr rated expressive person moves contagious praxis meaning produced yawning executing prehensile intentions mirrored passively watched substrate opposed rely studied pantomimed yawn actors skilled 
16	0.00735	deaf hearing sign experience signers signs colour color agency consciousness experiences language sense ws asl awareness systems signed synesthesia loss conscious rivalry bsl perception reported chewing synesthetes synesthetic native stc mw modality grapheme bodily synaesthesia phenomenon people deafness alien binocular subjective agentic responsibility engaged ownership unique american supporting correlates sm users felt bimodal status br synaesthetes beloved sc achromatic input doc sl british letters plasticity group fourth iaa disappointment gum signing phenomenology inducing absent deprivation highly chill esthetic synaesthetic jsl tv properties umn boi signer fingerspelling trp idiosyncratic participant congenitally evokes manual letter sublime massage rejoice clarity informed dreams pseudosigns 
17	0.0373	human humans animal resonance magnetic animals hierarchical neurons primates monkey organization monkeys function nonhuman species medial provide primate sensitive respond properties macaque single recordings significance tuned structure interactions putative biological test models proximity robot rigid evolved fundamental reveal preferentially core evolutionary cell major suggest response range structures statement mouth natural conditional unit link form responds living suggested organized play strongly delineated agent robustly preference broca segregation gradient increasingly hierarchy notion mice rats rodent implied homologue imply simple parallel lesion translational robotic rodents responding characteristic firing forming bnm conspecifics mammals homolog unknown ar observable measuring remarkably site survival layout invasive represent 
18	0.01254	number numerical numbers magnitude size distance symbolic ips intraparietal dd pm sulcus representation parietal numerosity digit counting small digits spatial estimation space large arabic quantifiers pelvic tmt magnitudes nonsymbolic quantity adults correlates adaptation floor symbols arrays quantities larger represented dyscalculia dots processed mental physical order congruity notation prism numerals verbal fractions decade backward numerosities letters forward representations hips sulci neuronal line underlie pairs quantifier numeral approximate recitation simple operation mo compatibility mathematical spt dimensions prismatic horizontal format ratio arbitrary reveal snarc nonnumerical ordinal property idea shown lateralized items require rap subitizing notations distances numerically arithmetical ordered arithmetic leads smaller categorical 
19	0.0243	judgments judgment ppc reference drawing cortex judged referential line dmpfc versus posterior parietal figure presented ipc figures judgements pc judging make common symmetry explicit gap lines making suggest trajectory relatedness types underlying precuneus hypothesized shapes evaluative pairs screen tracing half clock kinds ii required evaluations judge draw viewed relation intuitive geometric engaged operation reflective intuition type match work judgement test construal certainty adjectives reversed ways recruit visually religious wrong sense trajectories attractiveness isolation rja referencing upward world contrasting similarity roles ija tablet pencil frontomedian ground pen iii landmark downward itc superficial illusory og ordering angle comparative principles statements dorsomedial modified 
20	0.02007	pd basal ganglia disease parkinson motor striatal putamen striatum dopamine bg early nucleus caudate medication dopaminergic levodopa dystonia thalamus thalamo stage pallidus globus disorder spd symptoms tremor loop severity stn cerebellum dbs dopa freezing loops apathy sensorimotor abnormal compensatory mutation characterized nuclei panic impaired premotor normal dyt age stages subthalamic deficit brainstem mid corticostriatal planning impairments cramp abnormalities addition pathophysiology naive magnetic writer mechanism fog pdd wc striato pathophysiological output substantia manifestations pathway onset msa nigra neurodegenerative replacement pallidal development drug gait degeneration evaluate pathological patient time scale pallidum lrrk manifesting asymptomatic dpd mutations dystonic nigrostriatal symptom limbic rigidity thalamic 
21	0.02431	reading words word phonological chinese language visual orthographic readers letter dyslexia letters english characters writing lexical vwfa dyslexic fusiform native character spelling read japanese form posterior languages task vot rhyming phonology recognition pseudowords written orthography regular speakers suggesting representations alphabetic suggest occipito occipitotemporal pseudo naming single kana semantic korean temporal presented kanji frequency strings gyrus linguistic skill developmental real mid dyslexics irregular skilled print skills hemisphere sound decoding logographic nonwords judgment consistency text inferior spanish engaged normal handwriting pseudoword visually decision ventral sublexical rhyme spoken deficit route adult mapping literacy pairs pattern exception anterior experience printed span french proficiency script 
22	0.01018	sd taste reliability test retest gaba gustatory water icc intensity pleasantness concentration sessions sweet high insula concentrations primary mrs flavor operculum state glutamate spectroscopy device sucrose consumption session reproducibility thirst reliable ratio tus delivery hm ml ns insular scanned glx tastes sensory acid fair oral site order umami allopregnanolone saliva caloric microgravity drinks intraclass rf bed metabolic tasting addition volunteers drink solutions liquid food repeated hofc iccs ratings naa paradigms voxel infusion good hdbr glutamine bitter nft wine capsaicin aminobutyric cr associations proton future erho shrinkage products tasteless salty quality intra svd beverage sugar brands gamma composite coefficients mr detected 
23	0.03795	semantic words word lexical verbs bpd temporal naming meaning language fluency verbal task inferior nouns verb retrieval generation frontal picture posterior lifg phonological decision atl gyrus semantically noun production category middle pairs presented unrelated selection overt previous knowledge suggest contrast demands representations association anterior meanings linguistic items ambiguity grammatical forms competition controlled written imageability ambiguous high semantics form morphological frequency spoken covert relatedness names categories number dominant borderline lexico concepts produced lipc pmtg thematic pictures phrases named strong typically letter systems subordinate correlates hemisphere representation morphology pseudowords decisions properties types personality classes priming involvement incongruous similarity concrete animal mapping taxonomic 
24	0.01332	music musical musicians expertise race experts cultural singing training pitch group listening chinese expert experience novices american racial piano culture professional playing auditory melodies pianists level melody bias athletes tonal melodic familiar singers skills unfamiliar players excerpts perception intervals stigmatized lyrics improvisation sport musically listened trained caucasian western sports east novice nonmusicians song practice recruited harmonic association ccs popular cultures biases attitudes pieces rhythmic perceptual dissonant black rhythm higher songs piece skilled musician amusia americans passively notes leading asians meter mn instrument keyboard chords asian consonant scrabble hockey concussed culturally instruments performing years engaged homeless interdependent plasticity tunes discrimination westerners 
25	0.03816	feedback error learning errors prediction response outcome correct performance negative reinforcement task trials trial outcomes reversal stimulus monitoring predictions predictive positive dacc learned predicted model action contingencies probabilistic contingency associations unexpected probability uncertainty predictability internal striatum striatal adjustment received adaptation adjustments events learn incorrect actions environment future racc updating pe mfc shift post pmfc predict subsequent responding rate types models adjust expectations internally external coding probabilities ern reward rostral receiving goal predicts instrumental expectation omission signaling predictable reflect successful humans adapt regularity commission values pes entropy rcz erroneous reflected evaluation rl sensitive associative zone theory theories neurons predicting unpredictable provided 
26	0.02004	fear anxiety ptsd amygdala threat conditioning extinction cs conditioned disorder stress trauma phobia anxious learning aversive symptom traumatic response anticipation hippocampus insula threatening group gad posttraumatic shock symptoms spider severity avoidance anticipatory phobic emotional veterans worry conductance paradigm stimulus unconditioned vmpfc recall post skin combat ventromedial ipv safety trait paired responding cues renewal survivors bnst methods humans provocation limbic bla phobics orbitofrontal reactivity dissociative events coping ucs characterized threats basolateral regulation sustained early dental animal heightened nucleus trace neutral presented earthquake ratings relevant safe caps iu violence spiders generalized extinguished models electric exaggerated panic pavlovian unpredictable scr separation expression prefrontal 
27	0.00764	epilepsy lobe temporal mtle tle surgery seizure epileptic seizures mesial interictal hs frontal discharges patient onset surgical sclerosis methods resection focal function ictal generalized spikes contralateral preoperative hippocampal em unilateral grade outcome ipsilateral verbal postoperative epileptiform epileptogenic ls significance ige simultaneous spike gtcs refractory gsw tumor reorganization pathological intractable wave ieds propagation presurgical abnormalities testing neuropsychological bects tumors impaired normal ez sided focus jme tl sm idiopathic fs partial hippocampus consciousness extratemporal thalamic neuronal ppr cae zone medically evaluation frequency reliable good gswd epilepsies intercorrelations drug thalamus recordings suggested preoperatively postoperatively mts vcfs po free disease frequent intracranial brainstem glioma 
28	0.01351	phase problem problems arithmetic solving mental calculation mathematical menstrual ag math angular multiplication parietal luteal insight addition subtraction follicular phases retrieval operations ef pmdd solution number operation solved solutions heuristic gyrus late progesterone higher pms reasoning solve strategies chunk competence numerical strategy early single digit types oc rp answers mathematics answer premenstrual visuospatial prototypes scientific equations abacus facts ill small gwv innovation oral students computation series major arithmetical prototype equation division aps nl solvers mid procedural lp grade ovarian sg cycling completion difficulty exception precuneus central contraceptives ocs gifted decomposition operand simple confusion educational situations difficult point dysmenorrhoea pspl competency 
29	0.09488	integration human order function rsfc subregions previous important identified functions suggest specifically structure play question key higher suggesting integrated research shown patterns central provide integrating structural properties linked sensitive integrate free suggested plays set relationships focused questions roles approach individual implicated unclear functionally multiple serve modules addition importantly separate indicating magnetic subregion remain type communication subdivisions integrative mechanism inconsistent linking separately recently highly guide independent possibility terms represented consistency humans segregation involve detection single unknown investigating selectively multimodal responsible nature recruited required subserve answer showing work variety proposed naturalistic diverse localizer preferentially sites provided supports involvement kind organized mediating stages 
30	0.05384	emotional negative positive amygdala emotion affective neutral valence arousal response affect mood emotions pictures ratings evaluation emotionally experience words regulation limbic intensity influence subjective level images states reactivity bias induced valenced experiences reported insula esteem impact versus induction viewed appraisal death state linked dimensions salience perception presentation interactions picture ventral viewing rating events medial attention biases recruitment correlates salient referential implicated relevance arousing engagement scanned reactions affectively material female induce indicating scenes emotionality evaluating responsiveness initial session racc addition attenuated amy referent focus reflected orbitofrontal tendency amygdalar distracters evoking women evaluative feelings intense eliciting international image inversely instructed scanning laden 
31	0.02269	speech auditory production perception temporal language prosody phonological phonetic listening syllable sounds superior vocal acoustic prosodic spoken speakers syllables speaker words verbal linguistic stuttering articulatory vowel motor posterior pa native intelligibility overt broca hemisphere sound comprehension communication phonemic speaking noise sentences degraded natural covert intelligible vowels intonation phoneme input nonspeech consonant normal identify talker discrimination recognition listeners articulation lateralized accent voice lip produced sulcus ap spt stg listened mouth syllabic word consonants aloud pseudowords heard fluent sensitive opercular audio stutter perceptual lexical representations units silent strongly segmental oral minimal tone sylvian phonemes sublexical utterances sampling sparse pseudoword covertly pairs rehearsal 
32	0.05186	object objects visual category cortex shape recognition categories selective occipital lateral perception fusiform shapes form representations color categorization perceptual temporal properties loc haptic presented ventral occipitotemporal images human texture knowledge stimulus tools viewing selectivity previous manipulation versus tool familiar contrast animals location categorical visually surface extrastriate representation real adaptation matching lo viewed suggest resonance size sensitive pictures observers types exemplars manipulable occipito drawings natural sulcus responsive responded image specialized colour reflect exemplar view unclear relevant line identified material unfamiliar scrambled living implicated presentation identity inanimate identical multiple semantic attributes selectively recognize parts cos photographs animate requires categorize specificity varied intact 
33	0.03699	reward striatum ventral anticipation monetary rewards motivation striatal incentive motivational loss nucleus accumbens task response sensitivity punishment midbrain gain rewarding dopaminergic outcomes magnetic resonance mesolimbic cues avoidance suggest outcome anticipatory vta nacc money receipt delay caudate orbitofrontal salience human positive losses gains magnitude feedback aversive high higher tegmental dopamine motivated sn putamen rewarded anticipated dorsal approach appetitive substantia anhedonia nigra gambling win humans delivery nac incentives systems predicted individual implicated predicting seeking unclear mid number punishments reinforcement anticipating relationship salient versus pathological modulated hypothesized received losing mesocorticolimbic negative cue pleasure da subsequent types ventromedial expectation amygdala mediated association linked novelty 
34	0.02797	hemisphere hemispheric lateralization language asymmetry lateralized vestibular dominance hemispheres laterality spatial dominant asymmetries handed cerebral handers specialization contralateral handedness interhemispheric balance sided strongly pattern unilateral functions vmhc posterior normal neglect leftward inter li ipsilateral lh predominantly rightward visuospatial bias generation volunteers indices bilaterally postural rh intra ac predominance asymmetrical aim bisection organization verbal presented asymmetric homotopic pivc preference lesions caloric stimulation strength showing crossed reverse index previous lateralisation symmetrical manual participated occurred hemifield calculated galvanic shift ao intrahemispheric uncrossed lateralised means involvement vn csd csa tongue transcallosal predominant mirror located large symmetric homologous rbd mirrored mi special origin typical otolith 
35	0.01553	regulation emotion reappraisal cognitive amygdala strategies control prefrontal nf deception regulate suppression strategy neurofeedback emotions er real regulatory truth emotional rtfmri instructed regulating successful affect lying feedback success magnetic systemizing deceptive downregulation aversive viewing images modulation honest appraisals effortful telling lie modulate dorsolateral empathizing dishonest situation reduce lies acceptance mindfulness feelings passive people voluntary suppressing regulated suppress types upregulation thoughts appraisal expressive cer reappraise distraction resulted reducing prayer uncontrollable controllability controllable maintain mental reappraising sacc truthful situations voluntarily explicit naturally run required health claims orbitofrontal tcn maladaptive interventions deceive volitional terms thought craved downregulate sham habitual feel attenuate psychophysiological instructions 
36	0.08308	task difficulty demands discrimination implicit explicit required matching magnetic suggest resonance performing level manipulation induced difficult modulated levels automatic previous high simple demand interaction perform shown engaged increasing detection independent requiring cognitive categorization modulation suggesting varied reflect addition involvement judgment number identification recruited varying recruitment independently resources baseline manipulated parametrically stimulus unclear type controlled accuracy increases patterns set showing versus led involving conjunction reflects parts pairs studied hard larger identical passive fixation requires presented specialization decision requirements processed question pair reveal resulted tested scanned manipulating demanding normal modulations letter unrelated interpreted suggested make fourteen prior parametric require intensity needed judge 
37	0.03518	temporal superior posterior sulcus sts anterior psts lobe gyrus middle resonance stg magnetic identification mid suggesting lobes mtg structure pole sensitive selective bilaterally modulated unclear tp responded identified ffg identify implicated pstg hypothesized pattern portion meaningful generally functionally messages strongly sulci supported selectively intraparietal msts astg importance predictability portions lateralized pmtg meaning passively contrasting message persons interact precise loci sequences perisylvian lists irrespective subserves bm asts videos randomly propose processed animate site persuasion preferred watched psas collateral sp neighboring ways interactive plays lpmtg surround anterolateral classes reversed interpreted baseline previous answering manipulated speechreading hierarchical vatl msv persuasive creating correlational ordinary 
38	0.02654	stroke lesion lesions recovery patient injury normal hemisphere tbi reorganization aphasia chronic impaired swallowing function severe spinal cord intact acute sci contralesional post preserved deficit recruitment ci loss ipsilesional months traumatic damaged primary patterns compensatory recovered focal mild plasticity neglect neuropsychological residual tissue unilateral outcome aphasic motor rehabilitation mapping paretic neurological structural naming survivors abnormal impairments spared moderate time improvement sensorimotor syndrome selective posterior location cerebral injured unaffected therapeutic poor secondary isolated induced methods disability severity longitudinal suffering year therapy symptom tests neurologically ischemic subacute swallow remaining ipsilateral integrity perilesional persistent fully age cochlear presence pattern subgroups suffered pathology vegetative 
39	0.28889	mechanisms provide network underlying cognitive process research structures systems resonance important correlates model paradigm contrast understood specifically implicated models identify relevant test key involvement order substrates common result supporting central literature report supports terms unique theories addition thought supported implications main form fundamental function poorly theory question remain versus knowledge work insight view future core proposed highly mediate overlap requires involves represents involve nature focus primarily types tested characteristics functions unknown widely insights strongly propose neurobiological simple pattern means importantly hypothesized set recently substrate forms largely linked respect strong line generally typically reveal theoretical robust investigating interactions understand responsible interaction 
40	0.02131	ad disease mci alzheimer atrophy cognitive amci mild dementia early hd memory normal temporal impaired pet metabolism bvftd neurodegenerative progressive elderly amnestic metabolic group nc progression glucose risk loss hippocampal cr fdg frontotemporal lobe regional cerebral abeta variant stage voxel neuropsychological performance burden positron degeneration amyloid compensatory deficit impairments onset pathology medial patient test years measures hippocampus hypometabolism stages huntington tests symptoms frontal age aging mutation fluorodeoxyglucose status cn structural morphometry preclinical episodic psp cognition precuneus cholinergic scores syndromes severe integrity moderate scans mmse syndrome preserved biomarkers ftld pathological deposition older wmh elders detected lower characterized severity neurodegeneration measure intact 
41	0.02715	memory retrieval episodic mtl memories hippocampus autobiographical temporal medial semantic hippocampal recall events lobe posterior parahippocampal suggest reactivation past structures prospective personal remembering recollection remote retrieved experiences prc consolidation elaboration engaged lateral knowledge context search time phc perirhinal ams successful midline lobes retrieve involvement schema amnesia retrosplenial period episodes recalled entorhinal engage encoding retrieving initial scanning supporting precuneus neocortical roles specificity referential remembered reinstatement vividness mnemonic strategic learned fok periods network declarative photographs prior tested amnesic recalling episode vivid facts personally cues predicted recognition laboratory subregions significance linked fan searching rich trace focusing remember min subjective public subsystem contextual overlapping 
42	0.09162	context influence modulation modulated contextual interaction level influences contexts manipulated influenced modulate prior sensitive human specifically expectancy independent sensitivity presence interactions mechanisms suggest affect subsequent cues higher network manipulation provide modulates expectation interact granger strong process lower indicating expectations physical stimulus direction strongly relevant underlying engaged varied preceding mediated probability impact reveal shown weak manipulating relevance independently showing thought controlled varying linked importance tested proportion mediating place modulatory mechanism induced turn manipulations modulating reflected increasing perceived salient mismatch affects work experience suggesting led embedded significance highlight initial pattern recruited preferentially responded guide input interactive strength unclear main benefit modulations selectively 
43	0.08767	prefrontal cortex pfc dlpfc dorsolateral mpfc medial ventrolateral control lateral vmpfc vlpfc cognitive ventromedial suggest dorsomedial magnetic mediated executive dmpfc contrast function unclear increases mechanisms versus implicated goal addition recruited test frontopolar rostral suggested reported remain pattern baseline scanned mechanism patterns mid underlie order selectively apfc involvement association plays mediating engaged predicted involving supports parametric characterized line levels humans ventro reduction strategic oriented thought generation rostrolateral hypothesized mediate involve dorso problems targets reductions importance weaker failure multiple fpc larger implicate conjunction supported thirteen relevant seed lateralized hand regulate mediation broadly recruit includes main generalized maintaining absent inversely propose distractibility select 
44	0.03035	target detection targets awareness presented priming distractors distractor conscious masked stimulus prime novelty oddball automatic paradigm subliminal events aware unconscious trials magnetic ms primes salient presentation consciously mechanism perceptual unaware presence correlates deviant response resonance mismatch irrelevant visual masking search detected primed suppression perceived backward level rapid mmn unrelated detect half infrequent ab supraliminal consciousness suggesting visibility singleton standard deviance unexpected rare triggered soa subsequent occurs masks frequent embedded briefly strategic subliminally negativity interference onset threshold preceded unconsciously nontarget deviants nonconscious facilitation served isolation procedure volunteers speeded immediately unprimed leading unawareness associatively matches times inhibit msec circles prevent manipulated blink 
45	0.0467	memory working wm task load verbal maintenance performance parietal prefrontal high frontal capacity cognitive spatial updating storage items delay span manipulation ltm stm probe posterior dorsolateral attention maintained executive demands rehearsal increasing sternberg retention demand loads held encoding resources maintain item phonological visuospatial swm delayed digit increases functions phase operations articulatory maintaining accuracy previous sample distraction mnemonic match engaged serial number require remember letter wmc period required letters parametric buffer substrates relevant phases unclear frontoparietal short stored resource sensitive type probes attenuated visuo difficulty store backward encode performing nature remembered memoranda version temporary identity mind limited memorized tended recoding supporting 
46	0.01465	stimulation tms acupuncture rtms tdcs transcranial magnetic sham induced repetitive motor sa cortex intensity site stimulated excitability anodal session hz resonance real acupoint min primary hf single verum mep inhibitory frequency neuronal induce contralateral lr interleaved remote modulate point coil pulse target sessions tbs modulation methods guided cathodal pifg acupoints increases volunteers neurophysiological needling therapeutic threshold plasticity electrode st electrical protocol ma pas protocols sensorimotor baseline itbs ss gb induces minutes controlled treatment human vertex randomized local resulted burst excitatory invasive intensities relevance mt level rest ltp neuromodulation placebo tvns ctbs ea im pw post deqi laser scans cp pc 
47	0.2535	magnetic resonance high individuals response suggest previous mechanisms levels reported underlying important research suggesting cortex patterns pattern shown neuronal correlates relationship mechanism contrast lower impact importance focused people report reflect specifically relation understood key result link measure explored influence suggested occur paradigm versus strong studied affect plays possibly showing functioning prior implications increasing association normal aim function opposite point play predicted individual increases explore hypothesized literature investigation scanning engagement underlie reports interaction line exhibit highlight experience undergoing reveal subject approach work strategies sample common weaker quality involving relate characteristic influenced reduction primarily recently importantly biological potentially relevance occurring linked lack 
48	0.0392	learning training sequence performance practice task learned sequences trained motor transfer skill early implicit session plasticity improvement post hiv time untrained skills learners improvements initial learn stages period increases artificial sessions pre random procedural explicit practiced scanning associations experience consolidation serial systems stage week striatal improved induced phase prior weeks arbitrary adults process scan scanner representations gains hippocampus intensive structured reduction result retention sequential strategies structure repeated improve newly late knowledge immediately scanned generalization set shown resulted representation tested reorganization striatum naive min provide automaticity intervention rule associative prototype success overnight improves initially received automatic regularities recruitment implicitly plastic young 
49	0.06256	attention attentional task visual control sustained selective parietal network attended relevant irrelevant stimulus shifts focus magnetic mechanisms distraction modulation transient attend resources cortex tpj frontal dorsal focused selectively resonance attending frontoparietal load fronto suggest modulated divided junction covert voluntary salience unattended goal bias perceptual shifting selection shift high ventral sensory salient temporoparietal distracters distracting modulate saliency alerting demands orienting demanding engaged recruitment passive trial environment overt time increases ignore filtering performance separate simultaneously directing search ignoring hypnotic deployment competition recruited implicated engagement eye focusing suppression modulations ant humans goals modulates capacity intraparietal multiple paid biasing requiring extrastriate hypnosis distracter involuntary 
50	0.04625	perceptual perception interaction sensory visual cortex interactions network model modulation ppi psychophysiological bias higher stimulus dcm input suggest magnetic strength level human order modulated ambiguous underlying forward models resonance multiple hierarchical mechanisms gating process inputs feedback influences stages transition mediating levels identified modulates lower mechanism occurs underlie stage time main modulatory hierarchy interact unknown unique mediated feedforward perceptually modelling induced reciprocal startle rm transitions occipitotemporal interplay pathways functionally integrate bistable proposed selection refers conscious feed observers ball gppi alternations intrinsic seed illusory systems possibly bidirectional biases percepts purely reversals interpretations mask prepulse switches amplification subsequent lateral incoming suppressed modeled facilitation 
51	0.04245	light mechanisms underlying local global induced unknown magnetic resonance shed suggest mechanism human physical alertness red lead mediated shift cerebral remain significance largely green impact systems provide methodology phenomenon suggesting blue underlie link shown psychological suggested cells world ii insights thought rapid neurobiological unclear synaptic humans principal parameters improve widespread correlates regional phasic inhibition triggered reflect led understand recorded external globally implications bright nm statement reduce showing manifestations induces speculate fundamental resulting mediating maintenance hope profound potentially neuroplasticity prior refers inhibitory natural substrates aid accumulated gave rise function clues turn explaining ranging triggers simulated successfully retinal embedded capacity melanopsin locally 
52	0.01946	white matter structural tensor integrity fractional wm tracts md corpus hum callosum tract mapp als fasciculus periodicals tractography pathways longitudinal diffusivity values weighted microstructural lower microstructure internal cc spatial connecting capsule cingulum sclerosis superior association arcuate corticospinal measures abnormalities voxel structure probabilistic ii shown statistics fibers callosal pathway smc uncinate interhemispheric transfer major posterior higher af dt myelination tbss syndrome slf radiation ll thalamic multimodal investigation anterior splenium communication fascicle amyotrophic speed cst upper iii organization structures axonal genu radial projections tracking increases index relations midbrain indices adc bundle axon radiata sex abnormal hemispheres water pcun fornix corona dwi bundles 
53	0.03468	decision making risk choice decisions choices risky uncertainty task taking outcomes reward rewards striatum outcome vmpfc discounting options valuation preferences loss prefrontal individual make subjective preference delayed ambiguity probability losses economic gains bias values process cortex high delay option choose aversion ventromedial insula orbitofrontal ventral gambling financial evaluation selection prior intertemporal monetary regret uncertain gain effort previous safe ambiguous trial probabilities strategy igt situations accumulation seeking impulsive alternatives money real impulsivity risks choosing certainty utility stage hypothetical influence individuals threshold reflected suggest chose striatal action varied gambles gamble preferred attributes medial health success tendency tracked cost probabilistic correlates advantageous attitudes 
54	0.01532	adhd food weight disorder eating hyperactivity deficit obesity control attention obese cd response foods women high body nervosa hunger calorie energy pws reward anorexia bmi insulin images boys mph intake orbitofrontal adolescents bn mass insula cues normal cp glucose fat caloric responsivity individuals medication overweight state index visual magnetic satiety appetite versus hypothalamus amygdala type resonance lean methylphenidate hungry bulimia striatal methods binge kg sensitivity impulsivity overeating fasting health recovered naive abnormalities feeding regulation female abnormal aim eat meal striatum caudate palatable hypothalamic bed interaction taste age gain increases somatosensory ran objective inattention unhealthy appetizing habits fasted stimulant ofc resistance 
55	0.04987	representations representation abstract knowledge represented concepts similarity concrete sensory level coding human internal relations representational posterior models code organization context pattern systems theories structure perceptual modality representing suggesting anterior categories relevant view categorical represent semantic world encoded encoding tested space abstraction codes cognition concept independent embodied predictions manner action frontoparietal theory sensorimotor stored properties higher position organized provide reflected body shared encode process motor test idea important entities formation nature grounded thought unrelated experiential goals dimensions modalities functionally supramodal lfc supported input supporting encodes transformation flexible principles coded multivoxel specifically stimulus manipulated experience multimodal hierarchy property humans multivariate coordinate members 
56	0.08364	response stimulus trials trial presented task selection time phase delay preparation presentation period cue paradigm contrast target onset events pre instructed sustained single previous visual order hemodynamic required instruction delayed suggest preparatory respond resonance type phases probe instructions periods transient independent sequence sequential press separate early frontal stage subsequent types prior random cues preceding responded temporally selected specifically amplitude execution reaction interval rapid match mixed indicating half post separated offset aim free fixed identify stages attentional anticipatory standard preceded irrespective upcoming recorded paradigms occurred involvement mappings intervals sensitive simultaneously passive randomly generated series informed warning simultaneous paired select cued predicted 
57	0.02742	face faces fusiform recognition identity ffa familiar unfamiliar perception selective response occipital fg person gyrus facial visual famous ofa familiarity images names people image sensitive presented adaptation temporal core social personally trustworthiness selectivity contrast matching representation responsive scrambled representations houses upright suggest house expression normal inverted half inversion places sensitivity identities stimulus view viewed viewing recognizing cars identification perceptual showing holistic localizer photographs discrimination configural invariant specialized unknown ventral parts varied detection job recognize larger tested prosopagnosia substrates preferential morphed meaningful appearance atl extrastriate individuation respond sites sulcus trustworthy sum morphs featural discriminate eyes friend responded shows occipito perceiving perceived 
58	0.02596	personality trait traits scores high individuals neuroticism anxiety impulsivity aggression alexithymia negative psychopathy higher questionnaire positive relationship individual scale emotional correlates extraversion associations amygdala association ha aggressive style psychopathic temperament male insula sample affective es tendency dimensions schizotypy score violent bis anger bas regulation approach antisocial avoidance tendencies relationships risk female emotion adults impulsiveness inventory impulsive referential measures externalizing tas schizotypal limbic structures cms feelings rumination psychiatric functioning characterized adjectives dispositional reported levels offenders young females scoring psychological underlying reactivity reactive subscale avoidant styles neurobiological linked alexithymic inhibition pcl prone conduct revised males substrates regional distress emotions adult incarcerated proneness 
59	0.01769	cerebellar cerebellum timing motor lobule vi beat born vermis lobules rhythm control dentate ii nuclei preterm magnetic ataxia rhythmic posterior thalamus rate resonance sca nucleus rhythms cerebral involvement tapping bilaterally vpt functions birth iv putamen viii vlbw sequence brainstem loop parts spinocerebellar interval hemispheres cerebro lateral type sequences continuation lobe viib eyeblink iii pulse metric frda vii cerebello beats regular ix neonatal viiia synchronized corrected separate nonmotor young generation pontine conditioning term aim reflex cerebrum sites structures olive loops timed hemispheric fas gestational isochronous degeneration weight recently pons posterolateral pathology supplementary viia vermal weeks ratio intervals durations altitude alcoholics order 
60	0.0432	matter volume gray structural voxel gm morphometry grey volumes vbm structure regional gmv white abnormalities age reductions images relationship temporal atrophy volumetric multiple surface smaller neuroanatomical associations high resolution larger loss structures weighted scores previous tissue disorder total ct morphology wise reduction morphometric suggest sample thinning years association cerebellum measures lower morphological methods scans negative lobe ts relationships local detected resonance global concentration onset magnetic gender positive orbitofrontal sex lobes hippocampus optimized corrected widespread symptoms independent abnormal longitudinal obtained gyrification limbic severity cerebellar freesurfer folding scale neuropsychological symptom approach reports large multimodal education fwe smri psychiatric insular measure neurological progressive 
61	0.0382	caudate ofc thalamus nucleus cortex orbitofrontal putamen olfactory thalamic striatal striatum odor hippocampus structures limbic lateral basal amygdala odors nuclei ganglia frontal insula medial head systems resonance frontostriatal mofc central magnetic pulvinar cerebellum cerebral accumbens body bilaterally anterior neuronal midbrain implicated primary pallidum ventral regional thalamocortical chemosensory involvement secondary orbital piriform mediated habit globus pallidus trigeminal processed intensity air lofc claustrum responding important striato formation identification olfaction va odorant combination association nasal pons entorhinal mediodorsal smell hippocampal odorants insular sample engaged stimulation run importance associative corticostriatal habitual orbito brainstem tail odorless hypothalamus thalamo subcallosal sweat scans positron ssna nose thalami 
62	0.01086	scenes scene ppa high spatial visual images place level contour parahippocampal sf lsf image rsc natural hsf coarse environmental frequency occipital fine view objects presented views retrosplenial categorization frequencies viewpoint identification intact cortex filtered viewing real grained viewed opa refresh category iconic world fs displacement randomly foreground structure selective vision multitalker indoor outdoor pass ayahuasca dmax triplets contours rdks party vac composition plausible perceptually processed preferentially cocktail ve ho psa facing dp occlusion viewpoints similarly buildings occluded borders extraction fusiform local involves superimposed inferotemporal rapidly destructive hybrid preferred junctions naturalistic poggendorff displacements oddity postcue amblyopia tolerance splint rotated flexible heading 
63	0.02156	insula anterior autonomic ai arousal physiological interoceptive heart rate insular pi skin brainstem central cingulate lc bodily awareness sympathetic hr states level pupil conductance interoception subjective body experience state emotional regulation response induction feeling locus peripheral thalamus aic feelings cardiac nervous scr mid magnetic sensation ains modulation cardiovascular breathing generation dilation hypothalamus midbrain interaction cortex hrv na intensity dorsal pressure psychophysiological visceral spontaneous respiratory monitoring regulatory dacc pons resilience acc nuclei cerebellum somatosensory coeruleus intense psychological salience structures ped ctl recorded msna amcc understood humans influenced internal bat dmfc parasympathetic nerve variability failure sensations representation dai electrodermal rest reactivity exteroceptive 
64	0.01631	ms spatial virtual navigation illusion egocentric space sclerosis perspective route mothers maternal environment allocentric mother multiple ma frame reference phantom body frames hippocampus child person hp illusions mechanisms eft retrosplenial oxt map reality position locations illusory hippocampal real landmark postpartum relapsing perceived object location navigational remitting landmarks overlapping disability rrms orientation place maze parahippocampal survey room amputees provide pasat visible path humans vr special representations owned plp lv routes unfamiliar cis scanner required cortex lesion navigate underpinnings updating precuneus mot rhi rr respect recruited topographical endowment mazes load coding visuotactile lyer muller distances pointing share strategies direction representation ownership perspectives 
65	0.02104	task switching rule set switch rules cognitive flexibility control trials frontal lpfc shifting prefrontal sets lateral costs trial sorting cost fronto parietal posterior required paradigm shift card shifts previous wcst test single flexible demands recruited wisconsin sequencing repeat switched switches bottleneck stability maintenance gratitude updating selection multitasking goal situations strategy flexibly implementation executive reconfiguration performing update requiring shape paradigms execution functions reverse shown ri mappings series matching dz pl subprocesses dependency polar typical longer frontostriatal color sensitive sma inductive actions neurocognitive larger cross responsible id updated inertia effortful types adapt induction isolate relevant governed implementing moment newly common transient cch 
66	0.01212	allele genetic gene genotype met risk val polymorphism rs comt httlpr apoe epsilon dopamine genes drd function bdnf dat variation individuals transporter repeat interaction association variants homozygotes homozygous serotonin receptor variant snp alleles twins influence polymorphisms linked nucleotide expression genotypes single impact signaling genotyped environmental fmr sample protein la psychiatric twin status methylation slc phenotype htt prefrontal pairs snps susceptibility levels catechol heritable independent common nrg modulate interactions level carrying deletion frax influences methyltransferase apolipoprotein genetics concordant promoter maoa associations genetically variability variations number human oxtr affects heritability genome neurotrophic additive tt polygenic vntr discordant fragile studied pathways phenotypes monozygotic 
67	0.07089	network state resting default dmn mode fc intrinsic rest seed cognitive independent rs pcc posterior salience rsns sn nodes attention strength graph scale global executive hubs inter dorsal organization large states sensorimotor identified fcmri positive precuneus centrality provide patterns cingulate hub seeds spontaneous interactions negative fnc maps characterized relationship ifc dan intra theory core control fpn metrics fluctuations connectivities anti functionally rsn cen suggest association approach measures abnormal local external addition node properties extrinsic work architecture scan cognition internal previous smn central topological calculated hypothesized insights relationships unclear identify fcs clustering primary ecn topology stable referential mental understand midline explore 
68	0.08067	motor movement cortex movements hand premotor sensorimotor sma supplementary control primary finger task pre cerebellum sensory magnetic force execution network somatosensory tapping parietal contralateral mi bimanual resonance visuomotor planning ipsilateral pmd cerebral dorsal limb voluntary simple grip suggest handed pmc paced passive muscle action representation patterns emg cerebellar dominant index putamen sequential pattern studied visually hands muscles rest upper involving foot higher executed tongue guided thumb central output actions flexion unimanual perform rostral feedback recruited overt production secondary representations bilaterally kinematic thalamus arm effector forces repetitive contraction ventral volunteers precision rehabilitation wrist mr performing parameters caudal precentral fingers manual writing 
69	0.01828	pain painful stimulation chronic intensity insula somatosensory noxious heat cingulate sensory induced analgesia anterior thalamus perception nociceptive thermal ibs hyperalgesia ratings cold pag primary trigeminal secondary central stimulus modulation experience affective matrix syndrome visceral insular perceived neuropathic ts control mechanical migraine allodynia sensation brainstem pressure crps contralateral anticipation gray laser mechanisms cutaneous periaqueductal unpleasantness fm capsaicin descending mid acute amcc electrical subjective cerebral analgesic thresholds physical clbp innocuous relief sensitization temperature fibromyalgia skin suffering rectal volunteers vas distention reduction sensitivity tic spinal rating endogenous sensations pathways higher tmd nucleus modulatory psychophysical discriminative structures midcingulate muscle increases emotional headache ipsilateral ongoing 
70	0.02408	pattern patterns classification accuracy multivariate machine univariate mvpa classifier vector identified decoding specificity predictive identify sensitivity voxel svm prediction approach individual methods discriminative classify discriminate expression pls decode linear classifiers learning method voxels multi discriminating searchlight decoded important high discriminated states multivoxel trained discriminability partial principal cross maps classified chance technique predict discrimination ra validation participant squares techniques combination provide pca set discriminant classifying characteristic spatial biomarkers performance receiver operating power highest obtained machines successfully distinguishing categories recognition informative separation mental subject standard sets highly accuracies roc state identification leave binary weights curve datasets samples sufficient reliably promising mass play 
71	0.03158	reasoning mind mental social tom states theory person perspective mentalizing medial prefrontal state belief cortex mpfc attribution tpj junction people cognitive beliefs inference network cognition taking inferences precuneus relational wandering temporoparietal temporo inferring nonverbal rlpfc intentions situation recruited suggest parietal stories empathy process perceivers thinking statements infer agency intentional thoughts true analogical character versus physical pole engaged situational referential understand metacognitive attributions judgments intention verbal requires logical affective knowledge analogy situations judgment require deductive psychological inferential representations representation agents making awareness animacy responded attribute rtpj fb statement recruitment read conditional ei fluid relationships explicit poles rostrolateral perspectives communicative cartoon authenticity 
72	0.0479	memory encoding hippocampus hippocampal retrieval recognition associative subsequent successful pairs associations recall episodic formation items verbal encoded prefrontal test learning word medial words performance item suggest binding remembered task parahippocampal phase incidental relational success paired forgetting predicted tested studied forgotten association magnetic declarative intentional pair material pattern correlates function subsequently presented resonance memories recognized process contrast intact scanning lobe paradigm delayed strategies trials versus remember involvement unsuccessful list successfully learned associates neocortical mnemonic semantic shown identified correct semantically encode unrelated yielded rearranged engagement processed face shallow free consolidation cued picture associate retrieving scanner sort strategy surprise interestingly remembering supported selectively 
73	0.15315	parietal frontal inferior temporal cortex superior gyrus network lobe lobule occipital fronto magnetic middle resonance medial ipl prefrontal lateral temporo suggest lobes visual sulcus cerebellum precuneus premotor bilaterally common junction hemisphere cingulate previous cerebral gyri parieto addition included volunteers specifically spl involvement identified conjunction underlying structures occipito involving visuospatial versus suggested lobules normal process predominantly regional substrates precentral required purpose primarily cuneus located patterns central operculum aim supramarginal sided paradigm cerebellar pattern paracentral widespread pet lesion subtraction responsible detection indicating localized relation subserving intraparietal involve order thalamus scanned temporoparietal overlapping minus supplementary main substrate hemispheres neuropsychological handed extrastriate highlighted linked 
74	0.02213	placebo ocd dopamine mg ht receptor blind drug compulsive treatment response obsessive controlled induced itch volunteers serotonin da magnetic oxytocin ketamine function methods ot randomized acute disorder pharmacological humans atd receptors resonance methylphenidate striatal dopaminergic binding opioid depletion single increases antagonist received drugs levels modulation pet central cholinergic agonist selective reuptake shown oral cortex inhibitor serotonergic suggest neurotransmission sessions intranasal kg release pathophysiology animal implicated saline epo citalopram inflammation tryptophan reduction key positron transmission psychiatric cross male haloperidol modulates measures plasma scratching escitalopram modulate putamen mechanism attenuated treatments objectives antidepressant modulated inflammatory mood action synthesis neurotransmitter availability noradrenergic striatum infusion 
75	0.02015	stress alcohol users drug cocaine craving substance cannabis addiction cortisol response cue abuse risk heroin cues heavy methods reactivity marijuana abstinence individuals chronic pg induced abstinent history igd acute fh mj drinking relapse withdrawal family impulsivity drinkers els alcoholics group limbic abusers negative reported cingulate sud suggest internet lower seeking development stressor addicts vulnerability striatum neurobiological consumption alcoholism stimulant disorder psychosocial amygdala cd prenatal problem early aud stressful severity fhp binge abnormalities measures drugs impaired subjective naive gaming neutral stressors addicted underlie levels onset hpa intoxication lifetime addictive gambling blunted treatment apd cud methamphetamine regular alcoholic hdis salivary iad stressed 
76	0.02283	memory recognition items retrieval recollection familiarity source item words test studied confidence correct monitoring judgments cortex presented parietal true strength episodic novelty recency word pictures lateral familiar successful correlates subsequent remember encoded hits context picture trials decisions success reality medial rejection incorrect phase identified encoding contrast suggesting list recollected common material accuracy previous perirhinal hippocampus perceived types type unstudied engaged parahippocampal reflect subjective high modulated retrieved lures misses memories half rejections judgment versus varied scanned objects relational viewed remembered judged supported required recognize hit recollective prior series format episode perceptual feeling reinstatement metamemory reflects remembering supporting identification make procedure gist 
77	0.03917	maps images standard image mapping high mm resolution spatial individual subject space obtained method epi pet template mr surface scanner scans spm gradient location normalization map human segmentation protocol voxels head parametric localization volume volunteers probabilistic sequence reference cytoarchitectonic registration local measurements planar atlas technique calculated size methods located localized weighted group variability main contrast spatially voxel single cerebral sensitivity tissue reported techniques ch software vivo locations tr corrected point smoothing normalized time identified maximum mapped sequences mni probability intensity scan coil volumes functionally structural sites total multi positron sulcal talairach foci boundaries systematically higher chi topographic projection generated reconstruction 
78	0.02363	frequency hz power amplitude fluctuations falff resting spontaneous state tinnitus slow oscillations frequencies ec theta bands high synchronization neuronal oscillatory rhythm gamma spectral eyes range rhythms fractional higher simultaneous fluctuation modulations positive synchrony local phase eo regional relationship intrinsic delta spatial chronic recorded mu level amplitudes modulated open thalamus erd occipital measurements negative obtained sensorimotor oscillation values modulation tacs lf spectrum rest significance characteristics properties baseline ers desynchronization synchronized calculated detected lfo rho scalp distress rates magnetoencephalography widespread lower induced signatures occurrence meg rate acceleration distant spectra hfc spatially strength hemodynamic intensity physiological nbr steady inverse specificity recordings synchronicity smr 
79	0.02773	spatial cues cue location attention orienting target locations cued parietal cueing targets presented endogenous trials visuo invalid visual valid exogenous attentional reorienting spatially nonspatial validity arrow interaction color space informative correlates indicating vpc visuospatial times occurred uncued types versus alerting predictive oriented peripheral central biases positions hemifield centred neutral coordinate upcoming ior unexpected intention specificity produced centrally mapped identity reaction opposite environment invalidly paradigms preceded separate manipulated uninformative validly termed expectations position randomly orient compatibility return provided virtual hemispace anticipatory preparatory precuneus type zooming appearing incompatible costs shared probe intraparietal retro facilitating produce streams behaviourally briefly shift forms settings flankers 
80	0.02441	pictures images aversive neutral unpleasant pleasant disgust picture subjective insula visual viewing ratings experience viewed rated magnetic stimulus presented cortex resonance pleasantness inducing presentation affective sensitivity amygdala arousing image disgusting labels relevant photographs female scenes sight baby volunteers structures women produced passive reported half appetitive depicted passively personal generally categories situations pictorial scanned distress eliciting international suffering hedonic erotic females contamination objective recorded feeling segment led fear individualized modulate strong correlates environment subjectively withdrawal accd occipital survival participated chocolate photograph evoking standardized emotionally material explored aversiveness provoked neurobiological natural irrespective vid iaps sets portrait anticipating affectively internal objects intrinsically appeal 
81	0.02712	auditory sounds sound cortex temporal voice pitch acoustic tones noise tone gyrus primary superior planum listening temporale voices perception stg presented response pt heschl hearing vocal stimulus speech sequences hg spectral ear suggest vocalizations laughter sensory environmental dichotic human pathway listeners passive listened frequency level lateral higher heard perceived stimulation sensitivity cerebral bilaterally produced source varied nh modality secondary ac pure animal responded plane localization sparse music input fm parts binaural processed silent tonal varying respond supratemporal natural paradigm hemisphere sequence scanning preference relevant modulations trains loudness relies variation simultaneously hl located location pac listener listen pressure stream hz segregation 
82	0.02303	somatosensory stimulation tactile hand cortex touch si primary contralateral body sensory sii representation secondary ipsilateral nerve human perception magnetic op posterior stimulus finger skin somatotopic limb stimulated resonance insula median operculum foot leg vibrotactile hands insular parts parietal input sensorimotor inputs sensations afferents fingers representations electrical postcentral contrast central surface index proprioceptive touched discrimination motor nociceptive vibration kinesthetic forearm organization soft afferent somatic studied upper stroking digit peripheral premotor fes ct unilateral roughness volunteers ownership muscle cutaneous intensity located sensation bilaterally brushing neck lower induced distal passive rubber fibers brush limbs contact selective feeling humans threshold perceived arm subject amputation 
83	0.17325	cortex anterior cingulate prefrontal posterior insula medial acc dorsal resonance magnetic suggest ventral dorsolateral precuneus dacc insular lateral orbitofrontal contrast parietal rostral important control pcc correlates thalamus higher addition hippocampus underlying ventromedial play identified midline studied bilaterally identify mid reflect shown parts dorsomedial subgenual key roles involvement salience unclear volunteers paralimbic functions ventrolateral pole reflecting represent orbital increasing time portion core retrosplenial thought adults hypothesized controlled reflection characterized limbic operculum substrates caudal systems induced strongly relationship evaluated mcc pregenual vacc underlie ii midcingulate involves common magnitude minus paracingulate representing view irrespective inversely division perigenual underpinnings focused parahippocampus parahippocampal racc regard 
84	0.04862	children adolescents age asd adults development autism years developmental adolescence childhood group adolescent typically spectrum early td adult disorder adulthood year young maturation youth iq functioning social aged suggest autistic function typical abnormalities child individuals longitudinal impairments late control neurodevelopmental period boys patterns peer girls skills reported sample characterized systems range olds trajectories school fronto increasing suggesting association parental history important neurotypical severity impaired risk mature parents lower males poor cross peers syndrome asc parent gender repetitive measures compensatory abnormal symptoms maturational striatal communication weaker intelligence income preschool quotient disability onset asds recruited heightened taking neurobiological exhibit transition trajectory dcd 
85	0.01936	visual cortex early blind occipital sighted late primary sensory onset extrastriate individuals vision auditory contrast reorganization congenitally braille experience higher plasticity retinotopic blindness peripheral stimulation contralateral lod tactile striate deprivation normal hemifield suggest input magnetic calcarine perceptual studied stage recruitment cone cb nonvisual eod lgn people congenital larger residual humans development cross echolocation pathway discrimination amblyopia optic somatosensory subject stages pathways lateral eb functions loss inputs adult modal sensitivity angle blindfolded vp robust pulvinar gratings magnocellular albinism achromatic occurs represent geniculate blindsight crossmodal toj hv lo leads retinal plastic fusiform checkerboard age restricted pva neuropathy neuroplasticity foveal acuity chromatic mt 
86	0.01924	women men sex females males gender male sexual female testosterone beauty aesthetic bladder attractiveness hormone levels suggest art hormones attractive arousal heterosexual sexually hypothalamus estradiol sexes correlates estrogen micturition erotic ratings level paintings desire subjective homosexual hypothalamic preferred human beautiful artistic taking steroid esthetic viewing penile hormonal dimorphic preference genders influences religious chromosome reported postmenopausal prevalence serum hf opposite lf dimorphism detected perceived xxy circulating portraits young landscape orientation question phb crying rating traditional cth gonadal endogenous induced interaction androgen unattractive erection est filling appreciation characteristics penetration urge repeatedly ghb gpppd androstadienone transsexuals gift incontinence partner periaqueductal volunteers pictographs cah 
87	0.03214	dorsal ventral stream pathway visual pathways cortex lateral ic streams caudal magnetic mapping pmv provide posterior resonance located rostral location model gradient represented specialized identification input suggested van ft specialization systems degraded shifted rostro portion parts produced dan interactions manner involves attention human facilitation parallel dorso route relies unknown degradation votc peaks sfm gradients path rely ventro extreme thought report routes computations roles segregation premotor sector gradually inputs connecting dorsally ampfc modulating ventrally postero positioned functionally medio plasticity arises object cough df operates odd successive held early recognized interplay segregated includes mediated di antero cascade section posteriorly formed receptive belonging 
88	0.01342	cbf cerebral perfusion rcbf fatigue meditation regional mindfulness exercise asl baseline labeling min fitness meditators resting increases mtbi pet induced cfs positron rest metabolism physical acute practice aerobic sustained association vascular reduction central values mindful stress post breath periods blast glucose prolonged pcasl practitioners state mental cmro breathing cingulate cardiovascular metabolic middle athletes cg volume physiological health period spect grief reduce technique levels concussion pulsed reactivity pressure hypoperfusion cerebrovascular techniques caffeine level awareness endurance oef chronic voxel moderate intensity mbsr compassion carotid recovery session tcc cardiorespiratory detected head bout lkm pedaling cbv hemoglobin tidal energy fatigued air reversible quantify module 
89	0.03047	inhibition response control inhibitory task stop trials motor nogo prefrontal frontal error pre successful inhibit inferior performance sma inhibiting fronto suppression inhibited supplementary monitoring impulse cognitive stopping prepotent failure rifg action errors basal presma sst reactive ganglia ifc trial correlates ssrt proactive correct required striatal urgency previous hypothesized automatic suppress conflict responding impulsive success initiation inappropriate performing withholding play suggesting tendencies infrequent stn bi subthalamic presupplementary successfully modified tendency respond requires initiated reaction measure rifc ss unsuccessful voluntary striatum nucleus frontostriatal frequently paradigm inhibitions rai unwanted suppressed restraint execution triggered regional commission suggest withhold slowing frequent act failures facilitatory setting 
90	0.01831	reho resting state regional values scores homogeneity spontaneous hcs rs fc abnormal precuneus test cognitive scale dm fcd local intelligence cerebellum gyrus dc voxel disease group age frequency function score amplitude abnormalities resonance severity mhe methods sample negative total lower explore corrected approach method posterior magnetic fluctuation fluctuations thirty sex intrinsic cirrhotic aos pcc synchronization normal relationship wise purpose rating scans seed calculated fcs pathophysiology tests detect lt measures rest positive evaluated addition naive cuneus pcu np esrd entropy impairments neuronal mcc wechsler encephalopathy lingual adult analyze lg fd enrolled relationships putamen tool higher lobe fluid education digit gender disorder 
91	0.03607	amygdala emotional faces facial emotion expressions neutral fearful happy face social emotions response fear angry expression perception recognition sad affective threat affect sadness anger magnetic viewing disgust emotionally reactivity resonance cues happiness interaction versus suggest threatening fusiform presented gender salient valence bias anxiety limbic viewed communication matching individuals expressing amygdalae orbitofrontal negative people labeling static cognition addition habituation film joy socially relevant methods rated regulation women biological salience danger hippocampus adult evaluation paradigm amygdalar level insula context implicit expressive responsiveness displaying decoding psychiatric intensities valenced hypothesized pictures scanning scanned interactions presentations disgusted interpersonal ambiguous bodily pathways biologically states probe socio 
92	0.03834	social empathy moral game people individuals interactions interaction cognition attachment partner empathic interpersonal human insula exclusion person experience situations physical personal individual rejection junction prosocial amygdala socially cooperation affective partners anterior emotional evaluation evaluations members perceived trust unfair video temporoparietal experiences norm status guilt love played participant context harm offers mentalizing playing impression implicated predicted paradigm emotions punishment joint reputation real feelings fairness violations friend sharing cooperative nonsocial perception distress norms interactive ultimatum relationships correlates sensitivity romantic perspective suggest impressions friends ingroup peers competence games scanning situation scenarios trait recruited opponent relevant concern political contexts competitive tendency reactions acceptance observing 
93	0.04407	time reaction times response rt task accuracy longer speed pp hemodynamic performance slower rts function interval shorter resonance simple long level latency intervals trial point paradigm increasing reflect length magnetic points latencies neuronal timing single varying process estimation slow window increases recorded perceptual higher occurs relationship larger short indicating durations choice showing gradual occur occurred st prolonged performing peak fp visual slowing seconds speeds perception delays neurophysiological reflected windows yielded series generally variable model discrimination detected lasting incremental slowed quickly gradually delayed precuneus speeded demand estimate studied measurement serial reproduction errors res late accumulation indirectly press variant minutes fastest scales 
94	0.04285	network control frontoparietal fronto parietal creative engaged executive thinking generation creativity cognition frontal core nodes process supporting large central identified engagement ideas integration recruited multiple independent recruitment common generated involves internally thought includes lateralized scale idea interactions involving attention widespread hypothesized goal planning mechanism interact suggesting reflecting partial ii manner supports included associative functionally supported expansion recruit strongly multivariate default mediate recruits original subserving evaluation systems serving node generate identify relevant include spontaneous showing pre spatial flexible links iii takes weaker key notion originality principles frontopolar demand act possibly indirect associations spatiotemporal failure production relies maintain rpfc people integrated maintenance 
95	0.02928	adults age older young aging younger performance task years elderly cognitive aged recruitment group higher increases declines frontal compensatory adult function patterns increasing suggest lifespan preserved reduction ageing reductions normal range accuracy successful shift difficulty positive recruited pattern adulthood recruit engagement deficit sample structural magnitude suggesting poorer exhibit late intact integrity indicating engage oa yrs reserve performing successfully reliance il advancing typically impaired mediated neurofunctional education context oas declining seniors reorganization span dedifferentiation lower ya dwelling pasa reversed supported preservation vswm overactivation vulnerable scanner impairments demented sc developmental positivity maintain underlie distinctiveness harold markedly peers chronological recruiting trend unlike shallow 
96	0.14011	patterns cortex common identified multiple large single overlap pattern level overlapping lateral independent posterior systems types roi type contrast small network identify spatial number organization primary reported functionally included range separate characterized shared sample unclear provide showing rois regional partially limited reflect parallel unique scale specificity set addition share larger issue principal test voxels significance exhibit voxel medial size spatially subject involving result overlapped localized implicated approach specialized map presence highly magnetic profiles process multi dimensions predominantly nature interactions sensitive recently typically wide proposed strongly parts methodology specifically point largely evident represent baseline involves modalities identical observations quantitative fine temporal 
97	0.04791	visual motion auditory modality sensory integration perception mt audiovisual modalities multisensory stimulus cortex moving cross modal biological static human unimodal crossmodal direction presented hmt percept input level sensitive multimodal perceived perceptual primary temporal bimodal response vision audio inputs process av order synchrony higher viewing detection stimulation visuo presentation early suggest disparity stationary integrated supramodal independent illusion simultaneously form viewed cues occipital shown point movements tactile dots visually previous binding strong matching occipito random sensitivity mcgurk senses unisensory movement selective light congruent mst humans synchronous optic integrate induced luminance presence responsive indicating interactions profile environment intraparietal sites simultaneous percepts sound illusory 
98	0.02751	treatment baseline therapy post weeks pre intervention follow improvement infant response months time group cognitive week longitudinal cbt symptoms treated scan responders month infants outcome scans year sessions improved randomized interventions trial future treatments received cm period ecstasy therapeutic positive training methods reduction improvements improve medication function resonance scanned gf predict drug controlled psychotherapy mdma ect points development percent neurobiological chronic prior initial trd longitudinally induced pacg program olanzapine health remediation patient outcomes cet rehabilitation antipsychotics participated years pbd relapse approach caudate successful care pretreatment risperidone responsiveness crt remained symptom typical recovery strategies randomly prevention targeted objective included interval enrolled 
99	0.02962	sulcus intraparietal ips parietal visual cortex search posterior orientation anterior spatial grasping reaching hand ppc human color grasp object ventral premotor space superior target location occipital dorsal eye reach arm guided planning visuomotor effector frontal fef goal lateral position spl visually aips parieto aip bar precentral conjunction selective discrimination contrast configuration size neurons identical suggesting guidance located central mapping visuospatial overlap hemisphere junction body lobule ifj orientations contralateral requires sulci posture representation hip visuo horizontal grating transformations selectivity vertical pointing substrates engaged selection selectively spatially rotated requiring upper macaque planned transformation colors pop monkey bars pcs plan vip caudal foci 
